{
  "dungeons_arise:wda_root": {
    "criteria": {
      "WDA": "2024-08-01 21:09:03 +0000"
    },
    "done": true
  },
  "iceandfire:iceandfire/root": {
    "criteria": {
      "tick": "2024-08-01 21:09:03 +0000"
    },
    "done": true
  },
  "mowziesmobs:root": {
    "criteria": {
      "custom_test_name": "2024-08-01 21:09:03 +0000"
    },
    "done": true
  },
  "repurposed_structures:root": {
    "criteria": {
      "always": "2024-08-01 21:09:03 +0000"
    },
    "done": true
  },
  "DataVersion": 2586
}